OrderID,OrderDate,CustomerName,Region,Product,Quantity,UnitPrice,TotalSales
87e02ef3-d47a-4ddd-8655-1e9806602367,2024-09-17,Julia Miller,North,Laptop,3,659.45,1978.35
b0e3ad08-e3ca-4e47-9966-e2e41baf2bf7,2024-05-04,Bryan Crawford,North,Smartphone,4,831.69,3326.76
47d5208b-59d0-4123-978b-cd918f2f87f8,2024-10-29,Jessica Hoffman,East,Monitor,1,1717.16,1717.16
bb8cf19e-50a2-463d-8d7e-4f0cb32ce16a,2024-07-03,Jonathan Fitzpatrick,South,Smartphone,3,702.15,2106.45
08e26914-a510-410c-b175-47017fa4d3d4,2025-02-19,Juan Acosta,South,Tablet,3,422.04,1266.12
09649230-0196-4ac0-acd4-e9e12483e23c,2025-04-25,Ruth Turner,South,Monitor,4,1157.92,4631.68
ada1ab04-42c5-4c19-86ba-7b17c30b592b,2024-05-30,David Ryan,North,Smartphone,1,1878.69,1878.69
489e5d0e-293f-4c40-93ca-7d414be7c6fe,2025-04-05,Lauren Henson,North,Smartphone,1,1422.46,1422.46
5bec32b8-1d69-4686-aae0-86d3ef7c5bab,2024-07-19,Joseph Stanley,West,Monitor,3,1183.12,3549.36
428ed319-2358-4965-b549-3c757c1e1dfd,2024-09-19,Kaitlyn Hardy,North,Smartphone,2,284.64,569.28
6c891ac9-ea3a-4580-9dab-9a8be2722f9f,2024-08-02,Kevin Fuentes,North,Monitor,3,1268.51,3805.53
afab491c-22c4-4a41-8c17-975539b89c21,2025-02-08,John Pearson,North,Smartphone,3,1981.1,5943.3
5cd3f05d-7aa4-4f7b-a8c5-99ec681628cb,2025-03-03,Spencer Patel,South,Laptop,3,366.16,1098.48
5687daa2-7dc9-4207-8c7b-cd74fee02863,2024-10-31,Drew Todd,South,Monitor,3,1084.83,3254.49
719906d7-d2ce-4255-b1d0-e57ae83ba3b3,2025-03-09,Donald Rowe,North,Laptop,4,1767.01,7068.04
fd3311a6-4558-4cd7-9fc6-d0ef98b6c6af,2024-06-20,Alexa Singh,South,Printer,1,1507.46,1507.46
30f75a54-a48e-4dd9-94f0-2ea851ea190b,2025-04-01,Michael Jones,West,Laptop,4,1424.33,5697.32
4d7e0e7f-5503-4c01-84ba-65318dc1444a,2024-06-15,Michelle Henderson,South,Smartphone,4,1434.72,5738.88
1ad1cf33-0a65-44ed-b594-b840cf6b236b,2024-10-26,Brandon Williams,West,Tablet,4,783.03,3132.12
d0cbf241-ffca-4fb1-b64d-eb48d808a527,2025-04-06,Robert Stafford,East,Laptop,3,657.82,1973.46
28e156dd-d71b-47a5-b1b4-9462102875e9,2024-10-02,Christopher Barrera,North,Laptop,2,1637.79,3275.58
b503ea98-eccb-47da-9bb4-59daace80c87,2025-02-21,Jeffrey Simon,South,Laptop,1,1639.22,1639.22
f1b9bf00-859e-4025-9e89-b7c5d411aadd,2024-08-08,Ashley Arroyo DVM,West,Tablet,2,1747.44,3494.88
53f40020-d510-4937-bdf0-26cfc592e6c1,2024-10-19,Grant Wilson,East,Tablet,4,1835.16,7340.64
14222909-866b-4238-abe3-112e7fb0661b,2025-03-05,Alice Thomas,East,Laptop,4,1071.55,4286.2
6b1b29db-1c9f-43bc-a301-c4244141bdb0,2025-04-23,Sarah Mcdonald,South,Printer,2,1052.88,2105.76
9d6a722a-d0a6-4f2f-b30e-be10348274ac,2025-04-25,Dawn Raymond,South,Tablet,2,1616.76,3233.52
0beb854f-3901-4ace-81a1-ba255d354122,2024-09-16,Grace Brady,East,Tablet,2,1334.93,2669.86
be445f18-d073-4a4a-abd8-6375b11755a0,2024-05-10,Daniel Moore,North,Tablet,4,1433.74,5734.96
3c3042bc-b34e-45dd-9351-aaaaaf4c8dc6,2025-01-31,Rachel Nicholson DDS,North,Monitor,4,1612.01,6448.04
256a92fd-e338-40d0-a083-63feffac10fa,2025-03-07,Mr. Christopher Wagner,West,Laptop,1,1791.01,1791.01
6786d978-6725-44ca-824f-7b54e2109e56,2025-04-04,Kimberly Medina,North,Printer,1,742.19,742.19
087fbe4e-c27d-4cb3-aa5f-06d80cab06bb,2024-10-15,Bradley Melton,East,Tablet,4,813.61,3254.44
36ca514f-257f-4105-9562-6dfe8b290ed8,2025-02-08,David Snyder,East,Monitor,2,278.57,557.14
a0c2715e-dce3-44cb-a3f6-495880510d5d,2024-06-07,Cameron Stewart,East,Smartphone,2,1198.73,2397.46
4cbaaa51-e708-45f1-9170-ec2fa31f171f,2024-10-19,Nicholas Maldonado,North,Smartphone,1,168.29,168.29
da1b2ada-dac0-4313-bef7-8f478c49a6ef,2024-05-14,Robert Gonzalez,West,Tablet,4,984.64,3938.56
e2539bd8-ce3f-4f40-a249-3df869140060,2025-03-22,Steven Perez,North,Printer,1,1131.02,1131.02
a5ba5628-1cae-42fd-91aa-ee248ad6addb,2025-03-22,Katherine Jenkins,West,Printer,1,644.43,644.43
4f91c782-f922-4c1e-816b-bca7c247cff3,2025-04-25,Tyler Rodgers,North,Laptop,3,1222.58,3667.74
d039d6cd-6355-4b38-8497-1c8721dccf5f,2024-11-12,Douglas Stephenson,East,Tablet,3,157.95,473.85
3030c732-4121-4c4d-8851-fd6c2cc6c7bb,2024-12-15,Christina Watson,East,Smartphone,3,170.96,512.88
44ac0713-af61-4716-8f0a-8bb2f55a4219,2024-08-14,Joshua Ritter,South,Laptop,2,1662.94,3325.88
cbce1c5d-3f38-44d5-8575-218460594bf2,2025-04-13,Christina Meyer,North,Printer,4,784.36,3137.44
5caa24e5-0b15-4201-8a0a-779ceb0aa6ef,2025-04-27,Timothy Jacobs,North,Laptop,4,341.41,1365.64
3a7899d6-8598-4815-8fa5-33a5e644292c,2025-01-09,Andrea Tran,South,Smartphone,4,1092.26,4369.04
5825e904-3772-4624-8314-081322a12a27,2024-06-18,Karen Jones,East,Printer,4,1562.99,6251.96
687159b4-3ec0-408e-a330-3827c0b3e320,2024-06-01,John Barber,North,Monitor,3,510.06,1530.18
64f76b53-3a10-4c8f-a6e2-90dbfc32a9e2,2024-10-20,James Cook,South,Monitor,2,1283.49,2566.98
1e2c8837-de2e-46cc-8f1e-5e1734763353,2024-12-18,Robin Wood,North,Tablet,2,262.16,524.32
751db9e5-e17b-4c10-b53e-0bbec4fe43b0,2024-07-05,Jamie Villarreal,West,Laptop,3,198.2,594.6
fa0e67be-5c8c-42c8-93f8-6ecda17e13c5,2025-03-26,Beth Stein,East,Printer,2,1109.57,2219.14
843c51ef-91b4-4e3a-ab0a-7715f1e64db1,2024-08-04,David Holmes,West,Tablet,3,1127.21,3381.63
4b0e52c2-d93e-4e44-aa7c-e2666da95a22,2024-11-19,Erica Kennedy,East,Laptop,4,1311.12,5244.48
8dcfdbfc-efa7-4ced-b607-89b46cee806a,2024-10-12,Timothy Mahoney,South,Smartphone,3,1479.57,4438.71
383ffe32-6a85-4d67-9fe8-025a86705d71,2024-05-30,Kelly Jackson,East,Printer,4,1954.12,7816.48
594ed199-5454-4eae-9097-4a1c8ec3c534,2024-08-01,Angela Pugh,East,Laptop,4,1080.97,4323.88
a29232a5-3d89-4fb6-93bd-4689f60f7b15,2024-11-15,John Davis,South,Printer,1,713.62,713.62
4f985a71-3648-49aa-aa4b-959555857fc9,2025-03-08,Javier Gibson,East,Laptop,3,1610.85,4832.55
c83fc582-060e-4a3d-b0bc-318d6f99541e,2025-02-02,Samuel Roberts,North,Smartphone,1,614.58,614.58
798c8841-2540-4e6a-8a77-5a5d67b03cd9,2025-02-16,Jasmine Nguyen,South,Printer,3,934.05,2802.15
b4270b21-916e-429e-9cec-6f8ebabebab6,2024-11-05,Paul Stevens DVM,South,Monitor,3,249.07,747.21
c877dca3-dcc0-4dcb-aff6-a5dd59414b3c,2024-08-22,Lee Howell,South,Smartphone,1,148.17,148.17
054cca91-fb4e-4b7a-8658-20a48bd55feb,2025-04-25,Samantha Rogers,West,Laptop,1,1929.03,1929.03
82ca2dd5-327a-468d-9d24-b6d7f2824241,2024-10-04,Dana Elliott,West,Printer,3,1688.36,5065.08
8911f637-b427-4d68-9c0c-0bfc7ee7aba1,2024-07-11,Kevin Hensley,East,Smartphone,2,1422.35,2844.7
182f037b-7051-48e2-94ea-1b50996038f1,2025-02-16,James Ferguson,South,Laptop,4,877.01,3508.04
04a0fd88-48d7-432d-a69d-64b18a535ccc,2025-01-25,Cheryl Edwards,East,Monitor,1,429.26,429.26
b892df19-2b22-4da3-bfca-f0bcf266d74c,2024-07-17,Keith Jensen,North,Monitor,4,397.23,1588.92
2a8304ea-c019-41c3-9502-c8959e4f051c,2024-06-25,Jennifer Stewart,South,Laptop,2,575.46,1150.92
9ad874d3-46df-483a-8120-7f16b1fa16db,2025-01-20,Amber Ochoa,North,Monitor,2,1143.53,2287.06
2afa679e-b44c-4c34-8f7c-774e20a340a2,2024-10-08,Drew Taylor,East,Smartphone,2,1457.73,2915.46
7dfe9d5f-87a1-4a62-8a35-490feb6d0185,2024-11-21,Emily Lopez,West,Monitor,1,1354.38,1354.38
669447a2-c974-4ab9-8b65-13c68379b20f,2025-02-03,Amber Adams,East,Tablet,2,631.87,1263.74
647532b1-3235-47d5-a9c6-235a9eb24bba,2024-09-23,Sandra Vargas,North,Monitor,1,1914.24,1914.24
8c34c90b-19a6-4e46-af44-42cf6a9815a8,2025-04-04,Justin Johnson,South,Tablet,2,1502.0,3004.0
7365aa05-b15b-4fb0-90d2-62c545f331f9,2024-06-16,Zachary Watson,East,Printer,4,1153.27,4613.08
c3ce80a3-46d2-4264-8e70-5b9d66e08091,2024-08-11,Nathan Harris,South,Smartphone,4,1262.27,5049.08
4487d805-5583-428a-bb4a-2764d5e12695,2024-07-01,Jennifer Robinson,West,Printer,3,897.24,2691.72
75fb3867-5c28-421f-bd96-2de3d1ada44b,2025-02-25,Marissa Walker,West,Printer,4,570.69,2282.76
fbd334c3-9fdf-4169-8acf-0d8653e8ba25,2024-09-24,Janice Rivera,West,Monitor,3,776.35,2329.05
5b3c7e3c-38d3-4925-8020-054f2acb8766,2024-05-15,Jennifer Barker,South,Monitor,4,1539.91,6159.64
906bb839-4943-4a82-baf9-9e02b1612a79,2024-12-09,Raymond Sullivan,East,Monitor,1,127.35,127.35
3d132455-e0f8-4945-bb31-d6ad22dbff2b,2025-03-18,Jeffrey Weber,South,Printer,4,320.54,1282.16
f5a36f31-cc07-4e49-87c0-375a589b5ab7,2025-03-09,Sarah Swanson,South,Smartphone,3,187.41,562.23
755819db-305d-451c-95a2-c5717fe0a5d0,2024-09-13,Kristen Brown,East,Smartphone,3,177.38,532.14
8b9c6e32-9b7e-4c80-9600-5ae2a6b45263,2025-01-17,Carolyn Gonzalez,West,Tablet,2,1725.38,3450.76
db00de9a-131f-4df1-b55e-4d17ecb5e206,2024-06-07,Kirk Dunn,West,Laptop,1,1436.95,1436.95
0f1fcca9-ca5e-48c7-8709-11b01f7f4805,2024-11-11,Jeffrey Navarro,East,Smartphone,4,1000.93,4003.72
d6029994-3173-43de-b7bd-36dad20251d7,2024-06-24,Jerry Olson,South,Monitor,2,285.88,571.76
2115ab3b-215e-47f1-a9c2-5c885608f4be,2024-08-01,Alexis Wright,South,Tablet,4,1034.07,4136.28
347086be-4728-42d1-a0bf-9cf49578a7f2,2025-02-01,Dean Rodgers,West,Monitor,4,999.6,3998.4
fe3ad42e-20a7-4bad-baaa-48b144d2012d,2024-09-29,Matthew Wright,North,Printer,2,429.08,858.16
39682f40-f037-4225-9b1e-9dafdabd2ca7,2024-06-09,Jennifer Rodriguez,North,Printer,2,924.32,1848.64
93c6ba03-f4a2-4ed1-bf91-8eedd73fe011,2024-06-08,Gary Hernandez,North,Monitor,2,857.16,1714.32
0bc86bb1-e495-4482-9a9b-c04f3104b4d6,2024-08-15,Robert Bright,South,Smartphone,2,1270.12,2540.24
43034545-eda8-4b37-909f-be92c9934d0b,2025-04-04,Joan Hamilton,South,Laptop,2,1306.68,2613.36
141d5e65-bc34-4045-abdb-de7e7e6adf6f,2025-04-13,Alicia Salazar,West,Monitor,4,186.08,744.32
98b8c5cb-9012-4b25-a850-54bfa258555c,2025-01-22,Rachel Miller,North,Smartphone,2,811.76,1623.52
17068a96-9d89-47e6-b479-ea9359f27599,2024-10-27,Jeffrey Turner,West,Tablet,1,1289.13,1289.13
634eb2ae-087b-481a-8b60-edcb1cc489e5,2024-09-03,Sarah Elliott,West,Monitor,3,1055.96,3167.88
c0453d32-c49f-40e2-9646-c355e594548e,2024-10-06,Peter Hernandez,West,Tablet,2,1727.33,3454.66
0b39af2e-1a54-46aa-9b3c-c455cb4a25a6,2024-10-19,Lori Taylor,East,Smartphone,2,1351.52,2703.04
656b2d67-7cd8-4608-8e44-2b64a78ebfb0,2024-08-27,Diane Norton,North,Smartphone,4,409.58,1638.32
89a3bd14-b28d-4a43-af7d-7d39b4afd913,2025-03-24,Noah Cochran,North,Smartphone,2,234.08,468.16
9554e563-bf0a-4ab8-8e96-a270277bebdd,2024-11-11,Melissa Dillon,East,Smartphone,2,1320.6,2641.2
e74b6fc0-8653-4dc5-a942-599c9524ea45,2024-12-07,Calvin Daugherty,East,Printer,2,150.37,300.74
fd4a1af5-d068-475a-b18b-45b01225281c,2025-01-06,Melanie Schneider,North,Smartphone,4,1212.97,4851.88
d65db828-e95b-48b6-8a6f-d645c92ba244,2024-11-14,Jeffrey Mejia,East,Printer,2,1886.44,3772.88
322c8b0f-3fff-4c24-93ab-17ddbc22411d,2024-08-22,Mary Velez,West,Laptop,3,1193.4,3580.2
8b8e9a15-aa8d-4d40-82e2-a18af21a7495,2025-03-05,Amanda Perez,South,Printer,4,837.52,3350.08
bd2a0f1c-9afc-45d9-ab53-44dcbfa0a2c9,2024-05-22,Angel Buck DVM,West,Tablet,3,1322.25,3966.75
ecd05da8-5f72-40b4-9396-00adf3f1ccd0,2025-04-21,Nicholas Young,North,Laptop,4,970.68,3882.72
5a3c30a1-a039-415a-aa30-d7df6f712b59,2025-04-23,Janet Lindsey,East,Tablet,2,1136.67,2273.34
1c1154bd-fe80-49a2-b33c-42d0ae5327f9,2025-01-04,Leah Aguilar,South,Monitor,3,1888.78,5666.34
7fee183f-09af-4ab4-840b-cb55af71d463,2024-10-11,Brandon Davis,North,Monitor,4,833.6,3334.4
d142acec-761e-4d7f-a35b-72718cf18cb8,2024-05-18,Dr. Ellen Fisher,East,Printer,1,1926.26,1926.26
778d7194-7626-4f49-8c94-edc83e5a88f9,2024-09-04,Michelle Keith,South,Tablet,2,1820.17,3640.34
ccb15b83-9fac-4281-89fa-202d950b188f,2025-02-03,Jamie Thomas,South,Monitor,4,472.0,1888.0
65626ff3-f78e-475a-8b9b-3c9da0386968,2024-12-18,Kelly Black,East,Monitor,1,231.79,231.79
1a6e0d33-21af-4935-9df6-3c3c2182e730,2024-08-13,Mark Evans,South,Monitor,4,291.48,1165.92
5d833932-cd3f-4913-ae33-fdd7ffed733d,2025-04-27,Paula Bennett,North,Laptop,1,134.62,134.62
12d07ed2-9eba-4886-b503-5611986f24b8,2025-02-22,Kyle Powell,East,Laptop,2,279.44,558.88
c0375e47-c507-4472-a65f-ee0ba58df917,2024-09-27,Thomas Walsh,West,Smartphone,3,1397.71,4193.13
6966fdfe-be80-4354-b013-b869fd637055,2025-04-21,Wendy Thompson MD,North,Tablet,1,235.26,235.26
59168df6-5aba-4e90-bc35-030616764fda,2024-07-29,Michelle Erickson,North,Monitor,4,706.05,2824.2
0e50bb67-761b-4e03-a005-265b2ab7fa40,2024-08-20,Rachel Washington,East,Tablet,2,1705.26,3410.52
9b61b257-3502-4ca6-a3a2-552d31871038,2025-02-11,Donna Williams,East,Smartphone,1,144.22,144.22
e43520a7-7476-4626-81c8-644ca2c6a129,2025-01-27,Lindsey White,South,Printer,4,1647.49,6589.96
f78964d1-ada2-41a1-826e-066cc2807b23,2024-09-23,Kimberly White,North,Smartphone,4,635.52,2542.08
1ad5719c-892b-4bb2-be90-6772de0fd10e,2024-11-29,Linda Wong,South,Monitor,4,324.51,1298.04
590b7c5d-6621-486f-9234-48298d92bd84,2024-07-30,Matthew Hicks,North,Printer,1,1423.8,1423.8
b95269fa-5a92-4e83-8238-a31c7192a90b,2025-02-02,Michael Espinoza,North,Printer,1,1294.99,1294.99
fb5cec1d-1f59-4c3c-8a79-dd91a5d3358c,2024-11-08,Joseph Parker,West,Smartphone,1,1767.2,1767.2
42aeb9d2-641b-4bd0-b0ce-2e7f2e65cd9f,2024-07-16,Ruth Bowers,North,Monitor,3,1496.63,4489.89
548339c7-5717-4504-8926-7531e4a43280,2024-11-08,Sara Garza,South,Printer,1,1626.61,1626.61
9c845901-71a6-42e3-8f95-4ed6d5984473,2024-09-24,Sarah Robinson,South,Smartphone,1,635.87,635.87
82344e86-0d41-475c-b0ec-f7c839093c7d,2024-08-27,Steven Wilson,West,Smartphone,1,437.14,437.14
c24c1a37-6c8e-4d4e-b2ed-42e9bde76d84,2024-05-02,Timothy Thomas,South,Monitor,3,1526.17,4578.51
a7336fdf-51ce-4343-97d7-06eae045dded,2024-05-24,David Summers,East,Smartphone,1,1632.99,1632.99
e3b83615-6ee7-42a0-824f-ba45b4976cf7,2025-02-11,Brittany Donovan,West,Smartphone,4,1981.96,7927.84
5799f518-29e6-45d4-9332-11527cc40a57,2024-05-27,Miranda Carter,South,Smartphone,1,883.97,883.97
706dec4b-5700-444a-99c5-c38f52d694bb,2025-02-20,Michael Calderon,South,Tablet,4,806.83,3227.32
b163cbcc-bbe6-4b5b-9725-90ccf0e33cc2,2024-05-17,Diana Johnson,East,Laptop,4,1575.18,6300.72
649a991f-c613-484e-b59f-f07eece88e70,2024-04-27,Jodi Rogers,West,Tablet,4,747.53,2990.12
9ac8fa80-1622-4c3c-b888-e30c24b09800,2024-08-30,Victoria Sandoval DDS,East,Smartphone,3,1868.44,5605.32
0789e6ff-a569-4c5b-8348-d0bb078108de,2025-01-15,Jonathan Moreno,West,Laptop,3,1730.98,5192.94
efbc6324-17ab-4f4e-a0f2-74cf82d6dd25,2024-05-10,Ashley Rich,West,Printer,3,915.09,2745.27
eea21ed6-2455-4230-a0ff-3e6df64211a7,2024-10-26,Nicole Gilbert,North,Tablet,1,1526.66,1526.66
127e9269-5164-4ba2-9822-23360e660f93,2024-07-30,William Bell,South,Tablet,4,1533.63,6134.52
c668f049-98d7-42cb-91d5-1723fe0491f3,2025-03-26,Christopher Andrews III,South,Tablet,3,295.94,887.82
92bc4336-ecf3-4c28-99af-8f6bbe4b5c5b,2024-11-25,Victoria Hicks,North,Monitor,3,1814.85,5444.55
b996f580-2772-4c4a-b850-2a8f301508f9,2025-04-22,Mr. Robert Yoder,East,Smartphone,1,1059.98,1059.98
b5743f46-f0b6-4dce-b71e-753d3505c65d,2024-11-30,Kristina Dennis,North,Printer,3,1670.27,5010.81
2202533c-3354-40a7-8061-3e272cff3a05,2024-11-05,Mindy Calhoun,South,Printer,1,708.09,708.09
e530835f-46d5-4ee0-a169-22b0e07d33e9,2024-12-19,Jeff Garcia,South,Printer,2,1801.49,3602.98
c203b893-de3b-4ad5-a44e-3d36f2dfc0b5,2024-07-05,Kristin Kerr,North,Smartphone,3,839.48,2518.44
976063a3-310c-4fef-939c-6db0c3d15db0,2024-12-25,Rebecca Mccoy,North,Laptop,2,120.59,241.18
4c51ffb9-2b75-4788-8212-b72ac66d0fa6,2024-05-02,Sandra Lewis,North,Tablet,1,1820.23,1820.23
0d7bde53-efd0-44ea-8227-01b5c9d23f4e,2024-09-08,Paul Williams,South,Smartphone,4,273.44,1093.76
66ce884c-4b89-4a49-96c5-45e213e9f4a1,2024-07-13,Brandi Bennett,North,Tablet,3,706.7,2120.1
d8dbedc8-9529-4a42-9e5a-082dc41a0b8a,2024-05-15,Julie Parker,North,Smartphone,1,1905.12,1905.12
f3363802-08ad-4b2b-bbdd-10903fe27a78,2025-01-10,Linda Suarez,East,Tablet,4,1906.15,7624.6
d819e2e0-b28e-4565-a8a2-d9f7ff592403,2025-01-07,Christina Gutierrez,North,Smartphone,4,1189.53,4758.12
d34f4c69-83e4-47bf-b1c1-92de0016c26b,2024-11-10,Robert Reese,South,Laptop,2,1300.49,2600.98
3bc30ba4-6b41-4f7b-a42c-f2bb269a0c2b,2025-01-06,Charles Perez,East,Printer,1,952.05,952.05
d920d3f5-7d00-40f1-9e9e-0732d06b74d4,2024-05-07,Karen Simmons,West,Tablet,4,657.1,2628.4
63cd687c-e029-494e-ace3-e9a345456e4b,2024-06-09,John Roberts,South,Smartphone,3,724.46,2173.38
5f7a6d96-f0e3-479a-a24d-7ad507a30e07,2024-05-31,Anthony Howard,South,Laptop,3,1377.79,4133.37
9574410f-7771-4c01-b226-1d529d51eca9,2025-02-21,James Barnes,West,Laptop,2,1529.51,3059.02
915fadb2-cd49-412d-82a7-cb0e16a3ddfc,2024-08-23,Kim Cantu,South,Printer,4,1604.0,6416.0
028d50ad-3472-4150-a716-f947ccbd9e76,2024-08-18,Cody Pearson,West,Smartphone,1,1600.27,1600.27
ddd2b2a4-2f1d-4f77-bfa3-1c8375db6aa2,2024-07-16,Angel Burns DDS,West,Tablet,3,273.29,819.87
a3dcfec9-8577-4f71-b90d-4a5b065ca9b6,2024-11-01,Julie Blake,South,Monitor,4,1039.4,4157.6
e5a1f13e-4fbe-4a9b-8eb6-e21e05f0390a,2024-12-21,Christy Brown,North,Laptop,4,209.36,837.44
8e5402c2-ee38-4cd8-b0b1-41a7341f3db0,2025-03-01,Kelly Peterson,North,Laptop,2,1144.1,2288.2
e2445c16-6829-4b93-a264-2e98d03277b0,2024-06-22,Ms. Lauren Cohen,West,Printer,3,938.91,2816.73
937426fe-d5fc-4c72-afc7-a992846b4000,2024-06-07,Allison Torres,East,Smartphone,3,1786.64,5359.92
5e3737bc-c83e-446a-b208-beff1d91f585,2024-11-28,Desiree Carlson,West,Monitor,1,766.74,766.74
43bd74e9-4d98-4367-ad7c-8e8e2495126d,2025-01-24,Jonathan Freeman,West,Monitor,3,322.43,967.29
804614a5-c7b4-49e7-acc2-ff52a0c6c28f,2024-10-06,John Pitts,West,Monitor,1,371.68,371.68
62940f24-4de9-4d5a-bc1b-d57f2a9851b9,2024-07-20,Paul Johnson,North,Smartphone,3,1546.87,4640.61
e2f38fef-81a8-4828-a495-30515c765ebf,2024-06-23,Kristine Wright,North,Tablet,2,1274.61,2549.22
f320106a-d3b7-47cd-976d-18d00ceee907,2024-07-27,Stephen Sanchez,North,Laptop,3,292.13,876.39
6855e5c7-a0ec-41f9-8ed4-50f88d341a89,2025-04-08,James Alexander,West,Smartphone,1,259.8,259.8
d1400c1b-5f0b-44b0-941a-733abe0f9902,2024-12-03,Jessica Soto,East,Monitor,1,1431.84,1431.84
03cc54de-86f7-4c9d-b0de-ea385ac8d82a,2024-09-20,Michelle Patterson,North,Laptop,2,238.25,476.5
fb6366b0-2b82-49c5-8cf3-2485c34ca426,2025-04-17,Michael Black,South,Laptop,3,1661.53,4984.59
c7d7c35a-b515-487b-921c-ea764457071f,2025-02-13,Emily Johnson,South,Monitor,3,1441.86,4325.58
ab760588-fa88-4a32-9deb-eff007f552f5,2024-11-20,Walter Smith,South,Monitor,2,254.56,509.12
8c540eff-c3e6-4704-a953-f1cedaac657f,2025-04-23,Cynthia Willis,West,Laptop,3,261.19,783.57
771a5c98-400c-4805-8cf9-eb31a18f9f9f,2024-10-07,Mark Brown,South,Printer,3,1974.62,5923.86
61094d05-8996-40e5-a0a0-8fb1d2819f25,2024-10-09,Erin Lloyd,West,Laptop,1,811.11,811.11
47893dea-a69b-4269-a3fd-b49bdb6e7c94,2024-12-16,Linda Henderson,South,Tablet,3,804.22,2412.66
3c36eac1-dbad-438a-8454-e73bf6557f88,2024-08-19,Brad Hill,East,Tablet,3,1644.32,4932.96
ee0420a0-79f5-476a-90d2-eef27ad7a3d9,2025-02-07,Lisa Wilcox,West,Printer,2,1899.77,3799.54
0da1d136-c97f-45ed-b0d2-f6fbc36efd95,2024-10-26,Timothy Garcia,South,Smartphone,2,1973.4,3946.8
1c3d8947-f548-4eff-9f54-e98e6851237e,2024-05-07,Mark Snyder,North,Laptop,4,1531.42,6125.68
dcdb67ca-f5c3-4a92-928a-51a1e18eb08c,2024-11-30,Timothy Bennett,West,Tablet,1,814.89,814.89
87dd465b-a2ee-4375-aec2-e377cdccbfe8,2024-09-27,James Ingram,North,Laptop,3,258.65,775.95
63707dc1-eedf-4404-8ff2-ea75cbfde0f5,2024-05-05,Michael Smith,North,Printer,3,1576.58,4729.74
2c890a89-ba19-4052-b3b1-4d5f784c7a2c,2024-04-27,Jennifer Bowers,North,Monitor,4,1160.97,4643.88
1469a4a2-8df1-4188-85a2-3c69eb7dd61a,2024-06-21,Kayla Stewart,North,Printer,3,906.02,2718.06
df896dcc-4491-4fed-8c4e-440d8bb8f232,2024-08-03,Thomas Maynard,South,Printer,1,1822.07,1822.07
7bba3c7e-2381-45d5-b764-5bf196eea070,2024-11-24,Tanner Williams,South,Printer,4,311.28,1245.12
ca77d359-12ab-4b0a-881c-050849de5ecd,2024-08-13,Darrell Clay,West,Tablet,1,1035.99,1035.99
bbd22c82-4f37-4aa3-82a7-81bcb7112fc2,2025-03-28,Eugene Thomas,West,Printer,4,121.57,486.28
74102629-4ae0-42b5-90c9-12f9e9f0c5ba,2025-03-29,Katelyn Lopez,West,Monitor,4,990.46,3961.84
39d9fa2e-6d15-49e5-ae7e-fc609d420032,2024-05-14,Casey Riggs,South,Monitor,2,206.98,413.96
47533669-350e-43af-843f-d05c587062bb,2024-07-04,Keith Crosby,West,Monitor,1,325.75,325.75
fff429f1-ee40-440c-bcdc-3456bd3775a4,2024-11-01,Dana Dickerson,North,Smartphone,3,323.3,969.9
ff95e651-dc27-4ca2-8ff0-10a463ad4c04,2024-07-11,Carla Buck,South,Printer,3,1333.5,4000.5
36aaa22a-b357-45a3-81b1-8624fca4ae9f,2024-04-30,Amanda Marks,West,Monitor,1,1517.49,1517.49
e639c99e-90d8-4165-a075-2d6516c98124,2025-03-20,Christopher Crawford,North,Smartphone,3,1208.4,3625.2
9b8fc322-6f4c-49ea-99a3-26916fd521a8,2024-08-02,Michael Velasquez,West,Printer,3,1928.13,5784.39
ec889c8b-c0d7-461e-95ad-18614e3eea70,2025-04-25,Susan Owens,East,Printer,1,812.25,812.25
729557fb-b6dd-432b-ac9b-766c4129605f,2024-05-27,Patrick Moreno,West,Laptop,4,642.85,2571.4
80a1ed12-765d-477c-a438-fece60845968,2024-05-25,Michelle Munoz,East,Printer,1,1750.34,1750.34
975fab58-dbb0-4284-ab3f-fc7af50b65e9,2024-11-11,Joshua Cox,West,Laptop,4,524.83,2099.32
b93dc7e3-714d-48b4-a735-9f10742a9a3d,2024-07-12,Lisa Gordon,West,Tablet,3,1930.12,5790.36
5d56de7e-1e30-4950-9eea-c2fca4f232e5,2024-09-21,Robert Garcia,South,Tablet,3,123.09,369.27
ee08391b-b734-46c7-bec8-2dcdf43f7557,2025-02-07,Eugene Kelley,South,Smartphone,3,1942.77,5828.31
15dcee95-5850-4df8-9734-bf9dd693f1a1,2024-08-04,Jerry Warren,East,Laptop,2,182.0,364.0
cee96c0a-567a-4673-8140-2e24e5183791,2024-12-16,Steven Hunter,South,Tablet,4,1793.17,7172.68
7cfa551f-febe-4fb7-bce7-40415ffddb43,2024-06-07,Mr. David Scott,North,Tablet,2,1102.63,2205.26
ca07ed6e-3c6e-47bf-bcf6-1d3dd3cc8856,2024-12-02,Zachary Jenkins,North,Tablet,2,1986.63,3973.26
82187c17-d619-41a6-a1a5-2432127e9222,2024-08-31,Charlene Young,East,Printer,1,240.21,240.21
ca4457e7-2db0-4c19-b626-36a524ba19c8,2025-03-30,Andrew Stevens,North,Laptop,2,1152.32,2304.64
04fc7e8a-534d-4884-9de8-5673a46614da,2024-11-08,Jasmine Powell,North,Tablet,1,1941.67,1941.67
e84574f2-38d3-4527-ad1b-4fcde04cfe37,2024-07-25,Mario Dunn,West,Laptop,1,1093.89,1093.89
2860a120-8442-4eb1-99ec-dcb28aabe7ae,2025-04-13,Zachary Collins,South,Monitor,2,1295.86,2591.72
e4d04dc8-c557-48c9-8cb6-f78e76439d2c,2024-10-09,James Coffey,North,Monitor,4,1421.92,5687.68
a9e79858-77fb-42c7-807c-573a12f38346,2024-12-03,Jennifer Carlson,North,Printer,4,963.63,3854.52
fd2d5bae-2a90-4742-aff4-a78c36c9faba,2024-08-17,Jerry Colon,South,Monitor,4,1292.36,5169.44
32673e68-3d1b-45be-bc7a-302fcd0a1533,2024-11-09,Blake Boyer,North,Smartphone,4,1210.2,4840.8
cd2e6aac-5d56-41a8-ae90-6742eda5749e,2025-04-25,Donald Hale,North,Laptop,4,1812.2,7248.8
26ab85b7-5514-4cd1-969a-23688a1390c6,2024-10-14,Collin Reese,South,Tablet,2,186.35,372.7
a030d843-9531-4c08-b979-e19c58147c4d,2024-12-18,Timothy Caldwell,West,Smartphone,2,633.83,1267.66
8c190163-83c4-44e8-9a21-b508c67226bb,2025-03-12,Stephanie Moore,North,Smartphone,3,1905.78,5717.34
9f82ba9d-53ec-4260-9eb0-1393682fc70f,2024-08-23,Brian Johnston,South,Monitor,4,1791.5,7166.0
6ae67669-aee2-4f3f-aea1-eb65bbf52823,2024-09-29,Dana White,North,Laptop,2,965.75,1931.5
8a36d86b-eb47-434c-b32f-0c05e936d805,2024-06-04,Justin Pierce,North,Tablet,3,1278.25,3834.75
5df85db3-e22e-46a3-a7e4-872d5cdff373,2024-10-15,Brian Garner,West,Smartphone,4,627.02,2508.08
cb82a031-42a5-4160-9b08-27b07176073b,2025-03-15,Melissa Rhodes,East,Printer,1,457.43,457.43
e10cbc6b-3f88-4cf4-8a1b-708b6133834c,2024-09-16,Alexandra Rose,East,Tablet,3,981.03,2943.09
53cc7a65-1de6-4395-acf9-0408cfd505de,2024-12-27,Daniel Ramos,South,Monitor,2,771.37,1542.74
55012ec2-5f91-448e-a87b-9594daaef95d,2024-12-01,Arthur Garcia,East,Laptop,1,1208.95,1208.95
52728f2c-4ba1-471a-b9b9-21976fc82ec5,2024-07-17,Rodney Smith,South,Printer,1,247.7,247.7
804ad3da-6185-44ef-8f69-ae5718f734b6,2025-01-04,Shelby Charles,East,Tablet,1,1951.35,1951.35
24a30941-be6e-4b98-94a8-5df75e1a68e2,2025-03-23,Laura Holmes,West,Tablet,3,1973.8,5921.4
880fecdc-7a23-4430-a14e-2e20899ac38f,2024-09-08,Eric Long,South,Smartphone,2,1426.51,2853.02
eedd40ac-240f-4de7-a51b-d67d8c813e3a,2024-05-31,John Gregory,East,Tablet,1,1118.58,1118.58
9c59422b-e93c-4aec-a493-4014ba85c134,2024-06-12,Rose Mcmahon,West,Laptop,4,688.1,2752.4
b3888ea4-876a-43fc-80d0-456b1eb71f26,2024-12-26,Michelle Kelly,East,Laptop,1,1646.21,1646.21
41512540-f478-4be4-82cb-8ccfbd0efe8d,2024-05-14,Monica Oliver,North,Tablet,1,1400.99,1400.99
372e2673-fdaf-4dfc-95a1-ae81a7300300,2024-09-03,Jason Watson,North,Smartphone,3,408.97,1226.91
a0da4140-df52-4d4f-ab60-cd14728b0265,2024-09-01,Teresa Sanchez,West,Printer,3,1830.76,5492.28
9bf3c130-4b97-4ce0-b711-13d51558aebd,2025-04-26,Elizabeth Jacobs,North,Printer,2,1662.82,3325.64
8dd96513-1807-495a-a54e-0258c4f4d00a,2024-08-15,Rebecca Mayo,North,Smartphone,4,1904.62,7618.48
c95b1496-bf49-4934-89fa-5995aca72712,2025-03-08,Brian Mclaughlin,South,Monitor,3,1478.87,4436.61
cfbb67e4-8f60-4e01-b858-36e6aa91e749,2025-02-10,Ronald Johnson,East,Laptop,1,1265.49,1265.49
c8e08d4d-4af2-48fe-81d0-6b7cada260ea,2024-12-16,Andrew Baker,South,Monitor,2,894.66,1789.32
deb373e9-8591-4a60-a4b3-11ad491c45ae,2025-03-23,Antonio Webster,East,Smartphone,1,1872.18,1872.18
888c1462-d709-49ee-ab9c-0760bb8c7f9f,2024-10-02,Casey Hill,North,Monitor,1,1745.52,1745.52
5cd4221d-f879-4e2c-b6f5-14c0213bd96a,2024-09-06,Patrick Pitts,South,Smartphone,3,185.92,557.76
70bb6840-6d49-4881-baa9-e46e79e1c895,2024-07-03,Rebecca Garza,East,Printer,2,150.1,300.2
85d5554c-9243-42d6-9700-881d613d284c,2024-11-17,Jasmine Craig,East,Printer,4,815.28,3261.12
e9fb4ace-a5a4-4ace-bcd8-1dd04be7a69c,2024-06-30,Douglas Harris,South,Monitor,4,1640.05,6560.2
3fa2d215-92d0-4b4e-a891-d772a0bb3152,2025-03-11,Richard Aguirre,West,Monitor,3,1975.82,5927.46
a1e4c6d0-d3f5-41ea-a4eb-f4af65c79550,2024-05-12,David Ramirez,East,Laptop,3,385.79,1157.37
823aa8cc-8f05-464d-abf0-dc2e6ca40c9e,2024-08-25,Patricia Arroyo,North,Printer,2,1228.85,2457.7
dfcaad86-8fc9-44d1-8ecb-cd6dc649f180,2024-07-28,Melissa Jacobs,East,Laptop,4,823.69,3294.76
67fd539d-7821-4db6-9bdb-e9e83df39ee5,2024-10-07,Jacob Flores,North,Monitor,4,1942.84,7771.36
243d52a9-9b14-4660-bed1-15013955f060,2024-11-30,Angela Kelley,South,Smartphone,4,1700.03,6800.12
1d4e26cb-921d-4163-97cb-4d2c9e19fdaf,2024-08-23,Maria Miranda,East,Printer,1,1692.82,1692.82
e9c24ba6-4289-48f1-8946-0a6c082c6f43,2025-01-27,Kelly Hall,North,Smartphone,4,990.52,3962.08
bff0768f-6f2f-4afa-857f-509707c32784,2024-12-09,Audrey Morales,North,Laptop,1,888.16,888.16
c37f245f-cece-4c78-8d9f-50dc4c80c4c2,2024-07-30,Joshua Carney,South,Laptop,2,619.47,1238.94
19603767-a633-4fa6-a654-98427fcfcc64,2024-06-16,Mr. Philip Gomez,East,Tablet,1,207.11,207.11
c5bd2c37-9a8a-4fac-af90-d318709620bb,2024-10-11,Ronald Nicholson,East,Printer,2,1742.97,3485.94
269a04b0-bb14-4e2f-940d-bd94086f0250,2024-05-18,Mrs. Linda Phillips,South,Printer,4,1644.51,6578.04
420e4d10-1c28-497b-bd8b-3bac41afc1d6,2025-04-06,Destiny Miller,East,Laptop,4,1999.46,7997.84
47233d19-4a61-4dce-a9d2-e2527b25422d,2024-11-30,Erik Sanders,South,Smartphone,2,1993.61,3987.22
e8d8df55-f676-4fc2-86d6-91af0750af64,2025-04-01,Michael Harding,East,Printer,3,1155.32,3465.96
dac3bb3b-8d2c-4268-9eca-54d3e508e0b8,2024-07-16,Megan Blair,West,Laptop,2,1561.08,3122.16
c5d20556-ce76-4c71-b5b1-39560ba5a012,2025-03-13,Haley Adams,East,Tablet,3,1895.05,5685.15
91f09608-8927-4f7e-96c8-365d313c592f,2025-03-16,Charles Stout,North,Monitor,1,1714.33,1714.33
55e463fb-5822-4dff-9b23-385a3cdde2ac,2024-05-23,Patricia Bauer,North,Printer,1,569.96,569.96
f433ddc3-4b90-4c4f-bfdd-7bb80761057b,2024-11-20,Steven Dunlap,West,Monitor,1,956.03,956.03
5e1dd745-4c09-48c6-b682-8aa593bc18c4,2024-12-08,Colleen Johns,East,Smartphone,4,345.4,1381.6
72e5a215-ffcc-43ea-b0df-f8739b8d5ffd,2024-09-16,Kevin Oconnell,North,Tablet,1,1912.7,1912.7
c3f3f788-715a-445d-9320-ce10647d4992,2025-03-25,Norma Russell,North,Printer,3,1251.73,3755.19
a55dfa83-e5e9-42c4-b857-bf2d1914a0fa,2024-11-30,Curtis Fletcher,East,Monitor,1,534.42,534.42
e4c53a0e-7af3-4564-be22-68537eba0859,2024-11-22,Jose Bailey,South,Monitor,2,1376.23,2752.46
c25da84e-33ba-45ba-8948-7429a459557d,2025-03-05,Christopher Bauer,East,Laptop,2,1274.44,2548.88
2717d5e1-f3d3-4c11-b608-c34aef1f6c08,2024-11-27,Alison Roy,South,Monitor,4,780.51,3122.04
06418134-4aa7-4120-a79e-42f989d723e8,2024-06-01,Crystal Chavez,West,Smartphone,2,315.76,631.52
ea234c0e-fcf8-4b58-89aa-187bca5a705d,2024-12-24,Samuel Higgins,West,Monitor,3,1375.99,4127.97
e95a62ef-4fab-406d-8708-fd5347808e51,2024-10-08,Timothy Davis,North,Smartphone,1,1088.58,1088.58
0cf5c737-fbcc-42f4-841d-d57e1fd0ffab,2025-01-09,Gabriel West,North,Smartphone,4,1567.4,6269.6
964abf04-c0ec-4bff-8346-3d7dfa69b524,2025-04-25,Jenna Bryan,North,Laptop,1,1088.31,1088.31
16c52fcc-ed16-4df4-810e-3a8f98b3ae7f,2024-08-18,Alexandra Freeman,South,Tablet,1,1719.14,1719.14
9ddc2700-13ba-49ff-bd42-b97c807d675d,2024-09-03,Nicholas Yu,North,Smartphone,3,1148.62,3445.86
b3a9f74f-5132-4622-89df-6d4f89f4b74e,2025-04-04,Kaitlyn Hunter PhD,East,Monitor,2,1165.78,2331.56
ce06078f-00ee-44b4-9727-b1a0089d573e,2024-08-01,Charles Holden,South,Monitor,2,1765.64,3531.28
dfe9d66e-80a8-4519-a279-672d26bddb3d,2024-10-09,Jeffrey Fox,West,Smartphone,1,866.62,866.62
5d98ca62-455c-405e-b0f0-7fc05790445b,2025-03-22,Dr. Joe Burns DVM,South,Monitor,4,354.63,1418.52
36297aa7-ed65-420a-9278-f5e575a47ad3,2025-03-08,Sarah Lewis,North,Printer,2,154.69,309.38
e9afa039-6012-42e4-8573-62f322c81c4d,2024-09-23,William Eaton MD,East,Laptop,4,1534.76,6139.04
4e9b0a79-92bf-4c5f-a6af-e1393af24771,2024-10-25,James Stephens,East,Monitor,2,1278.59,2557.18
d9d8ca8a-442e-4393-8a8e-ca3c06200b41,2024-11-12,Maria Diaz,North,Laptop,4,1437.75,5751.0
16a5d1e4-3ab7-4270-95ba-fc37029acc67,2024-12-23,Patrick Whitney,East,Smartphone,3,504.63,1513.89
f670c4f9-15d9-4e07-b464-85e31c17afbe,2024-05-03,Eddie Thomas,South,Smartphone,4,359.11,1436.44
51eed887-e62e-4f00-974a-2ad69ee1911f,2025-03-28,Taylor Wilkinson,South,Smartphone,3,127.63,382.89
d0d39f1e-a7c8-4128-9ca5-678f7d5ed658,2024-07-13,Michael Bradley,North,Laptop,3,766.12,2298.36
663fd959-9550-49be-9780-90b42ed8f523,2024-12-28,Rachel Barr,East,Monitor,4,1220.84,4883.36
9027d5a2-a86e-4cad-a068-4720e3d4eff7,2024-09-16,Katherine Henderson,West,Printer,3,845.26,2535.78
4cf3027e-658e-485f-8159-5f4251935789,2024-10-22,Michael Franklin,South,Laptop,1,931.2,931.2
199f8924-ad92-47b6-9439-b685fcfa078c,2024-05-24,Andrea Cabrera,South,Printer,3,1817.9,5453.7
e5761096-0269-4265-a02d-ee6c153721e3,2025-03-25,Mallory Martin,South,Monitor,2,761.69,1523.38
01d792d7-0252-4341-912d-2f0d4db00d75,2024-08-20,Jason Phillips,South,Monitor,4,1076.58,4306.32
0a354587-c527-4682-863e-96e180e5189c,2024-05-29,James Ramirez,West,Laptop,1,1588.94,1588.94
eac1f1be-753e-46bf-8e60-a69a0a43d55e,2025-04-22,Max Cox,North,Tablet,4,853.43,3413.72
88429d0b-52dd-4c40-906e-e3ff463ab497,2024-10-26,Jenna Warren,South,Printer,2,1281.96,2563.92
1204a543-c2d4-4d21-8c98-5899fc304800,2025-01-21,April Bell,East,Smartphone,2,1738.49,3476.98
4dbeb32d-0cdb-4d2b-a0ea-b72785668022,2024-06-04,Christina Jordan,West,Printer,2,1904.09,3808.18
efcc8ea8-85c8-4269-b01c-2def97f48932,2024-05-11,Brian Beck,South,Monitor,3,379.44,1138.32
0a010c78-d32d-450e-9787-7f4b0d246813,2024-06-09,Samantha Aguilar,East,Monitor,3,1860.52,5581.56
18783e9e-dfbf-4b73-b7cc-b9c10a55c876,2024-07-21,Amber Rivera,South,Laptop,4,1035.02,4140.08
ace2d4b6-0cf1-4a88-bb21-cb609b496fc0,2024-11-03,Christopher Benson,North,Tablet,4,590.66,2362.64
ddf378ce-7705-4285-bceb-036c325e223b,2024-05-15,Jared Mills,West,Smartphone,1,972.36,972.36
fb07ca1e-6d31-4fbf-8364-ab163f767c4f,2025-03-15,Christopher Meyers,North,Printer,1,1962.06,1962.06
16b5029d-fb06-49dd-9789-d93d27643aa4,2024-08-17,Stephen Nelson,West,Tablet,4,1035.97,4143.88
46502746-611a-48e4-9845-d7af6f6cabe2,2025-04-24,Keith Woods,South,Smartphone,3,724.63,2173.89
f810e57e-5f6f-4a4a-93ff-0c0f0939c8c2,2025-03-15,Christopher Dixon,South,Monitor,2,1303.46,2606.92
c7a580e1-a3e7-4a45-b650-86b781714a6a,2024-11-11,Veronica Henderson,West,Monitor,4,556.28,2225.12
6b6c52df-4e2b-4988-9495-55e769964d61,2025-04-16,Lisa Morris,East,Laptop,1,244.14,244.14
67e1515d-64f0-4faa-9cda-48cc1eae4e40,2024-06-26,Joshua Castro,East,Laptop,3,344.87,1034.61
76e53943-838b-4218-a729-6e53bf512fe9,2025-02-06,Andrew Ward,South,Printer,4,343.29,1373.16
b7f9eeac-25c1-4b70-9c02-31c665a9fa40,2024-09-24,Christopher Ritter,South,Tablet,4,388.62,1554.48
23870a1b-9623-4ecb-a8fd-c14823b5c011,2025-03-08,Frank Navarro,North,Tablet,3,363.77,1091.31
cc5807e8-1eae-438c-9e7d-4385e35255ab,2024-08-13,Danny Garcia,South,Smartphone,4,1317.66,5270.64
6700ced3-063d-46fb-a99f-431ba7375f30,2024-09-03,Vanessa Stark,West,Printer,3,445.57,1336.71
b6a99efd-e0d3-4e74-86e0-19144f8a1ad8,2025-04-23,Caitlin White,East,Laptop,2,756.77,1513.54
1c143f6b-5441-464c-b4fd-d1d744a4b9ca,2024-05-08,Heather Crawford,East,Printer,3,1803.9,5411.7
2b58bf5e-6d80-4c0c-8667-d4331975739e,2024-09-26,Samuel Mcconnell,North,Monitor,3,1000.53,3001.59
c5483bfb-41da-4b88-b3e8-1cc9207ad31f,2025-03-24,Tracy Jimenez,East,Laptop,3,1368.36,4105.08
8ea932ec-b0bd-47ac-a736-f51ec25ff45d,2024-10-10,Victor Scott,East,Tablet,4,427.41,1709.64
01f7676c-71a9-4534-82ae-aca9da7cf3cb,2024-07-14,Kenneth Black,West,Laptop,4,465.35,1861.4
0795925c-760c-4d1a-bed0-9564d1824a6a,2025-03-17,Tara Boyle,East,Monitor,3,177.65,532.95
e891c1f9-e0c8-4da2-929a-e8c76ee6fbbc,2024-08-05,Marcus Perez,North,Laptop,4,420.98,1683.92
e55b59be-1545-4858-91b0-513a2e7dcc4e,2024-09-14,Briana Moore,North,Tablet,1,629.32,629.32
cdbdf6c7-bcba-4fa5-bcb8-e09256b2bfc3,2024-06-02,Rachael Martinez,East,Monitor,1,436.32,436.32
19c9cc47-3dea-4db3-b18d-ba3533c5f94b,2024-09-08,Ann Blankenship,South,Smartphone,4,268.53,1074.12
e020e534-dde3-4480-b0d1-c3230ab097b5,2024-08-03,Breanna Smith,East,Printer,4,329.21,1316.84
40c1d4a3-1295-46ca-8db0-79c54db2aa5e,2024-05-19,Shannon Mitchell,North,Smartphone,3,975.48,2926.44
cc0aa763-9640-4654-a26d-4f857b7eee22,2024-12-21,Colin Huff,North,Monitor,2,492.03,984.06
3b1e61b6-f166-4eda-90cf-ad9dd4e2ec8d,2024-11-20,Todd Baker,West,Monitor,4,792.11,3168.44
3033c369-33ed-4a5a-b7cb-6739a4455d1d,2024-10-31,Austin Thomas DDS,East,Monitor,1,1056.49,1056.49
92dc76e8-1ed4-461c-9b47-69ada5270c23,2024-10-06,Jeremy Alexander,East,Tablet,3,1411.75,4235.25
810baacf-285f-41b3-a9e5-03cd28eaa35f,2024-12-17,Teresa Gomez,West,Monitor,4,174.69,698.76
797c4c4e-5ebc-4243-b801-055fadef301c,2024-06-24,Gabrielle Delgado,North,Printer,1,1618.88,1618.88
eabcb03a-a45a-4170-b847-eb5cdc080032,2024-10-14,Allison Combs,West,Tablet,1,1293.01,1293.01
b35ad514-8f83-4a32-b515-9d0a0f633ec8,2025-02-16,Ryan Mcdowell,South,Monitor,2,255.34,510.68
e816c820-5366-4891-b860-9352e905304c,2024-06-11,Dana Morrison,East,Tablet,3,1759.8,5279.4
574c3c63-5d34-46c8-a32e-8c5d0a17280a,2024-05-02,Nicholas Jones,North,Printer,3,1849.66,5548.98
fd8f861d-59ff-40ef-a50f-b634fc4c6738,2025-03-26,Angela Evans,West,Printer,2,216.05,432.1
750a2191-8015-4d23-b158-ce92ceed43c1,2024-07-14,Samantha Barron,North,Tablet,2,626.07,1252.14
d7267ab9-f262-4f15-97f3-e01a184a1c6f,2024-08-06,Brooke Walker,South,Laptop,3,1631.78,4895.34
0683ca20-5b58-43bb-a9c1-c76804cd8a3c,2025-03-09,Daniel Bell,East,Smartphone,3,1521.69,4565.07
01093d3b-bfb1-41b0-9da4-34be243f8237,2025-01-03,Elizabeth Lawson,West,Monitor,4,450.59,1802.36
2edebd21-5b9f-4659-876b-bad567a66a03,2024-11-05,Wyatt Cline,North,Smartphone,4,497.76,1991.04
510946ed-debd-421f-b7b6-1e0047888fda,2025-02-15,Sharon Wright,East,Printer,2,803.9,1607.8
537326ed-9a96-485a-9a2a-7d89cae38b2b,2024-08-05,Fred Anderson,East,Smartphone,4,1020.59,4082.36
9a85e501-049f-46e2-9566-7651f353adda,2024-08-31,Shirley Page,North,Laptop,1,1274.68,1274.68
abe057fa-ac02-4995-b2fa-8e965bae4b4e,2025-04-16,Ashley Jones,East,Smartphone,4,800.94,3203.76
54a66e55-92a8-447d-8d5e-6bc69d362f40,2024-11-04,Samuel Gonzalez,East,Smartphone,4,978.82,3915.28
059a2fc8-e3ff-4f51-9c05-dc98d11c03fe,2024-04-28,Carla Harvey,West,Printer,1,1520.19,1520.19
df3f27e3-ca06-4db3-ab9b-dc92331d17c8,2025-03-19,Linda Contreras,East,Printer,2,169.7,339.4
0054bb1b-0604-4c1e-871d-8fc85fc7a8c9,2024-08-04,Debra Little,West,Monitor,1,579.63,579.63
5fd537eb-cd2a-4448-a72e-5d300d8b073a,2024-11-29,Robert Larson,East,Tablet,4,1455.36,5821.44
364b3fbe-a04b-4aae-accf-b6bcbbfc8909,2024-10-11,Amanda Ford,South,Monitor,2,1800.89,3601.78
21c74004-b51b-4245-bdc7-937cbb6e232b,2025-02-18,Joshua Bennett,South,Printer,4,1072.19,4288.76
3dfd2a04-d52c-4a62-9baa-a6423c1bbf31,2024-06-24,Jeffrey Marquez,West,Monitor,1,1111.02,1111.02
c5dd44cf-7048-4070-8873-157b127b2ef0,2024-12-12,Crystal Roberts,West,Smartphone,1,303.63,303.63
a8a5c0b9-b228-4bbb-8eb7-fb3140b11e9b,2024-05-27,Jermaine Smith,South,Smartphone,4,950.08,3800.32
8ceae0c8-c4fc-472d-b34a-d2f6e2c5a03d,2024-09-18,Matthew Carter,East,Printer,3,1111.97,3335.91
dfd3fb1b-bcbe-47e3-9096-5fe6f768631d,2025-01-23,Susan Adams,West,Printer,3,560.69,1682.07
efa76659-3644-481e-8af5-18db6c53e209,2024-10-24,Kimberly Underwood,North,Monitor,1,611.56,611.56
b1e26670-2912-4646-8b05-92aeaed2585a,2024-09-09,Kelly Smith,East,Monitor,1,816.84,816.84
ed0bdebc-e250-4e37-bb39-df10a77146f3,2024-11-25,Earl Duran,East,Smartphone,3,138.14,414.42
c6909233-0ee3-48b8-95ce-cb9543dc37f4,2024-10-14,Claire Reed,South,Tablet,3,711.95,2135.85
ea119ded-904f-4655-bd52-f422f67b4913,2025-03-07,Eric Sanchez,West,Tablet,4,501.75,2007.0
094629e9-168a-4108-8317-5a2cabf40017,2024-07-18,Kristin Bell,East,Printer,4,722.24,2888.96
816a5aac-5b63-4346-bf0e-6f19774526a2,2024-10-15,Sarah Wright,West,Monitor,3,327.55,982.65
b62e784e-5793-42e0-849e-1119bfb382e3,2025-04-13,Christopher Allen,West,Tablet,4,1792.0,7168.0
c39e993f-aeb3-4fdf-90d6-c0ff6c43d4f0,2024-10-16,Melissa Johnson,West,Monitor,4,1227.83,4911.32
f41b6612-e65f-4f9e-8c27-79c4550caa9a,2024-10-04,Lauren Dickerson,South,Laptop,2,1390.29,2780.58
e7471b1f-3897-4efd-869c-c7dddb0fedfa,2024-06-30,Anita Smith,West,Smartphone,4,1599.43,6397.72
6226497a-1e4d-4da8-837f-a70fe85f3752,2025-01-18,Daniel Flores,South,Monitor,1,1047.04,1047.04
3f1614f3-4607-48c2-9152-6e1fe4f35c9f,2024-10-27,Paul Mclaughlin,North,Monitor,4,265.15,1060.6
5eed7803-130a-4b2e-8e1b-73ac73ce0200,2024-06-24,Patricia Ramos,East,Monitor,4,1120.5,4482.0
efcb97a8-3aa2-4661-a128-f61304179ea3,2025-02-16,Frederick Wong,East,Tablet,3,1215.0,3645.0
fe53b792-3570-4364-b4d9-05f88d8515a7,2024-07-20,Fernando Thomas MD,North,Monitor,1,1516.34,1516.34
7c7d69b0-7f04-4763-8714-758124895a77,2025-02-15,Wendy Hanson,South,Laptop,4,920.15,3680.6
74df4b89-22a1-4284-ab76-a9421e5a4ff3,2024-07-18,James Guerrero,East,Tablet,4,342.4,1369.6
327ff3de-74d2-496b-9f8b-6e279bababc3,2024-05-06,Marcus Rocha,South,Printer,2,639.17,1278.34
63bfb8fd-8a26-4550-8ff9-b05596f17280,2024-10-25,Vanessa Smith,South,Printer,4,789.86,3159.44
b094df86-8072-4f2a-ae83-863848f86ab9,2024-10-22,Katie Henderson,South,Smartphone,4,1327.24,5308.96
fb140751-9218-418d-8b69-b78b9f9daf34,2025-02-27,Robert Wilkerson,North,Laptop,2,1184.48,2368.96
4d1ba239-bbf3-4e0a-808a-cd1698c0ae51,2024-07-21,Kendra Andrade,North,Monitor,3,776.58,2329.74
978bd73a-c001-44e0-aac9-7dc15894a9cf,2024-09-25,Shane Campbell,South,Laptop,4,1974.38,7897.52
1190f9ac-737b-4176-adea-e098e909520d,2025-03-17,Jason Mcdaniel,West,Printer,2,1250.97,2501.94
5bf5d213-f472-4b9b-a500-24c670fbe068,2025-04-17,Wendy Dean,North,Monitor,1,550.73,550.73
b7c0f321-31f3-497f-9a93-d74a0725186b,2024-08-08,Sara Lynn,West,Laptop,3,293.39,880.17
e0eb77af-1626-498c-a238-0cdc8dc42c8f,2024-11-22,John Day,West,Tablet,1,390.43,390.43
9fd9cbd2-64d1-41ee-b54a-3657d6caa7ff,2024-12-17,Lisa Fox,South,Monitor,1,567.32,567.32
63597005-68db-4708-92cc-72b6af176ff5,2024-07-28,Dawn Wheeler,West,Tablet,2,405.29,810.58
f9d37cfa-b43b-4934-85c8-fd55e56d534d,2025-03-26,Christopher Hernandez,West,Laptop,4,454.48,1817.92
694f86d1-9175-40e1-b162-0e61e9756d5a,2024-09-21,Mary Taylor,West,Monitor,2,641.68,1283.36
767330ee-dfaf-49f4-954c-bd51e3ef8c03,2024-07-27,Derek Johnson,South,Smartphone,2,429.41,858.82
c94e7554-4792-4076-b739-71e66e3752a5,2024-05-23,Margaret Hayes,South,Smartphone,2,1803.85,3607.7
c80e895a-dbaa-4906-a65b-cff9ec3e597e,2024-06-21,Jason Velasquez,North,Printer,2,252.44,504.88
4ca067a5-15de-4851-be4c-b9107512a2c0,2025-04-06,Edward Martinez,North,Monitor,3,1096.57,3289.71
c28c11c7-bed3-4590-8fa4-b0fbccf0979a,2025-03-03,Steven Bell,West,Laptop,4,879.75,3519.0
41f2dd68-5cc6-4755-a2e5-547f1019626a,2025-02-07,Stephanie Lewis,South,Smartphone,1,1966.52,1966.52
39f8b486-f2eb-46d2-9474-3eff8a7d886e,2024-08-02,Andrea Williams,South,Printer,1,312.87,312.87
264c23bc-b743-4093-8a2d-ef862c16c27d,2024-06-13,Amy Smith,West,Monitor,4,855.93,3423.72
af92b2cf-9172-4f7b-ae6d-8a338079011e,2024-08-14,Victoria Lambert,North,Smartphone,1,1941.99,1941.99
53cd6834-e574-4fa1-9426-a9ababf1890b,2025-03-30,Loretta Perez,South,Monitor,4,1744.46,6977.84
bac80c51-b160-4aa5-9c1e-d74351b723c8,2025-01-17,Mrs. Elizabeth Vazquez,North,Printer,1,1652.44,1652.44
f65d3b41-da81-486b-b495-7a09becdb0ac,2024-11-12,Kevin Robinson,West,Laptop,2,590.02,1180.04
eda9f55f-a1c1-4042-9086-1725aae57875,2024-07-18,Anthony Wright,South,Printer,1,424.69,424.69
e7b17717-f0a1-4d14-9c0d-f8f1276db457,2024-08-23,Jessica Ruiz,West,Laptop,4,1370.42,5481.68
92a9046a-b677-466c-bf2e-03f0b6fd2644,2024-06-28,Allison Garcia,East,Tablet,4,1865.81,7463.24
c5283e97-a870-45d5-9937-7131be54989f,2025-01-23,Michael Gutierrez,West,Smartphone,4,1157.85,4631.4
49c9b3b4-cc49-4e5e-b549-657147c39b3d,2024-12-18,Joseph Macdonald,West,Tablet,4,1186.06,4744.24
0a4d3217-62b3-47f2-8e08-17f878853c74,2025-02-20,Jason Hensley,West,Laptop,4,631.96,2527.84
0f47a030-78e3-4b75-b814-46927bddceeb,2025-03-06,Donna Harvey,South,Monitor,3,1562.04,4686.12
66d1b9fe-b5cb-4f76-80ed-5bd7f6d7307c,2024-07-08,James Adams,West,Laptop,3,455.38,1366.14
83e5c72a-f456-4e6b-885d-f026184fff4b,2025-03-24,Ms. Barbara George,West,Laptop,1,714.99,714.99
a73f55c8-0163-4238-8c7f-acc27befa701,2025-03-30,Carl Cohen,East,Monitor,4,908.33,3633.32
01fd2afe-8cef-48d8-904c-2079142558eb,2024-04-30,Brian Reyes,South,Tablet,1,1064.46,1064.46
4c2f1214-7978-466d-a195-6b05cd2d5ea6,2024-09-18,Allison Parker DVM,East,Smartphone,4,560.58,2242.32
6ad7d57d-a413-444c-bf83-85f06939e26a,2025-04-18,Stephen Jenkins,West,Laptop,4,318.19,1272.76
62d4471d-b57e-4547-b34b-adbfe99adf8b,2024-12-15,Valerie Martinez,South,Laptop,3,1260.18,3780.54
ffe12c98-bf14-46d2-a965-415e064cb797,2025-04-13,Jessica Adkins,East,Smartphone,3,648.4,1945.2
57136c58-5ed0-49b9-aea0-8c871aafae19,2024-06-19,Daryl Lee,West,Laptop,2,1204.35,2408.7
b5c30fc6-6f3b-44b3-aad7-14a32fd69cc6,2024-11-20,Michael Flores,North,Smartphone,3,393.29,1179.87
81055917-682e-413d-bb37-202e89b7be36,2024-07-14,Douglas Smith,East,Smartphone,2,1014.17,2028.34
283bcb5a-a766-4a4d-9a47-5ed8ceff6eab,2024-07-08,Antonio Watkins,South,Smartphone,2,1111.92,2223.84
2362b510-7ccd-479e-88a4-43cc48003dbe,2025-04-25,Amanda White,East,Monitor,2,198.46,396.92
a801010c-b717-4152-9070-ea9c5019b17e,2024-12-05,Trevor Decker,East,Tablet,2,739.55,1479.1
fb5557dd-46f9-47ec-ac09-e98b3595d8e7,2025-04-16,David Hernandez,East,Tablet,2,355.39,710.78
6e175c1a-1400-4e08-a753-efde9022f984,2024-08-09,Bradley Carroll,North,Printer,1,220.41,220.41
09a3723b-9fda-42f4-bb85-94b30029cd45,2025-02-13,Andrea Mitchell,South,Monitor,3,1980.92,5942.76
27549c9f-504b-4863-a297-333537f830b1,2024-07-12,Jeffrey Stewart,South,Printer,2,712.47,1424.94
26373116-9bf4-40fc-b918-881d88664434,2024-07-10,Gabriela Avila,South,Tablet,4,1638.76,6555.04
f391851b-cb5e-4094-b741-b0f4bb8ce996,2025-04-12,Donna Perkins,West,Tablet,3,583.82,1751.46
c5581c15-6b93-4765-8bc2-2a8ee45904d3,2024-04-30,Susan Martinez,South,Tablet,3,1394.86,4184.58
4e0c5856-d791-4665-9f49-4724a7652e2a,2024-06-26,Rachael Pratt,South,Laptop,2,1544.43,3088.86
12e729c3-6f8c-4886-a7b3-fa5ea5568608,2024-07-03,Anthony Nguyen,North,Printer,1,1231.71,1231.71
f3823bdd-d1bf-481a-ae2f-11630423c669,2024-11-19,Sean Frank,West,Monitor,2,995.99,1991.98
b467b8d3-68f5-42e3-8881-fb5ff3db414e,2024-09-26,Dr. Tracy Cowan,West,Printer,1,882.5,882.5
a93a276f-6711-4536-a3b5-9a442e2ead7e,2024-10-29,Anthony Henderson,East,Tablet,4,762.85,3051.4
ba386630-d3a9-4b2f-8383-17ae571a4097,2024-07-05,Anne Berger,West,Monitor,3,1866.11,5598.33
ac88002a-3968-41f9-821c-2589db661f4e,2024-11-07,Cheryl Hansen,West,Printer,4,1678.18,6712.72
75c6af4f-26f7-46ed-9388-b27352f1e964,2024-09-14,Thomas Miller,North,Tablet,1,1933.55,1933.55
d4a75abc-3307-4ea2-9f54-ff84433aea09,2025-01-21,Ronald Brown,South,Tablet,1,336.16,336.16
d3201890-1877-45e2-8894-b40833c4a991,2024-10-04,Stephanie Flynn,West,Monitor,4,1488.65,5954.6
8b56417d-8d76-4aa6-9377-dffebca47635,2024-09-20,Toni Singleton,West,Smartphone,1,1882.85,1882.85
21c9f9c4-b785-4392-8db6-15d23576f319,2024-07-28,Lucas Benson,North,Monitor,4,444.34,1777.36
d1b25e97-0028-4f8a-9ddc-15a9585a4959,2024-06-06,Marcus Schmitt,West,Smartphone,3,226.34,679.02
e2039920-f9ff-4f33-b293-b1e05ef9c631,2025-04-24,Anthony Durham,West,Laptop,4,1508.13,6032.52
cf98376e-416c-4fe9-adcc-14a40f98e4e6,2024-05-06,Sonia Hamilton,North,Monitor,3,1191.5,3574.5
0bb37ea7-2a82-4c0b-94ed-68f7fa28cd17,2024-06-15,Maria Reynolds,East,Smartphone,4,1699.47,6797.88
2bbe2b05-e87c-474c-9e76-eac2e9280919,2024-06-01,Rachel Reyes,East,Printer,1,365.57,365.57
10d7d77a-4731-4fbb-8fd4-86cf1ab2b499,2025-03-07,Joshua Mclaughlin,West,Tablet,4,1611.01,6444.04
9c00a6f4-d855-4515-97a3-3d8214f6865d,2024-10-11,Cheryl Jones,West,Laptop,1,483.09,483.09
3013c906-0e4e-46ce-baab-10fd1be5fa64,2024-10-04,Amy Thompson,South,Monitor,4,410.95,1643.8
7eb79776-0a6d-433e-be0c-bc26eae8196f,2024-10-13,David Nguyen,West,Smartphone,4,412.11,1648.44
9ea00663-67bb-482b-9abe-8b8c1bf95a6b,2024-05-22,Jeremiah Murphy,South,Printer,2,1647.69,3295.38
41260edc-0060-4361-b166-7170964ccce8,2024-06-06,Norma Woods,East,Smartphone,1,1363.87,1363.87
f76e0912-60ce-49b7-a854-a1df525dbaa0,2025-01-05,Zachary Collins,West,Monitor,2,1093.82,2187.64
6883db29-99d5-4553-8103-be4d543853d3,2024-09-09,Melissa Estrada,West,Smartphone,1,781.78,781.78
45fa5996-fdbf-4d4a-929a-7b12c062f62d,2024-12-21,Miss Tara Torres,North,Monitor,2,1766.68,3533.36
37e06714-f24d-4e44-927a-99891f9408ec,2025-04-20,Courtney Hood,West,Smartphone,3,845.65,2536.95
db62cd39-c39e-4dab-8f84-fba5fce7cb5a,2024-06-03,Matthew Henderson,East,Tablet,4,1651.54,6606.16
056727c9-dc0b-4e4c-87a7-a1ace9914bae,2024-11-04,Christina Martin,West,Monitor,1,934.36,934.36
a5fa50b4-caf5-4361-a133-05e6cce9bd61,2024-07-14,Tina Lin,South,Monitor,1,816.19,816.19
7f12aca4-5f50-4d5b-a1a0-23dceddba9b5,2024-11-28,Joseph Thompson,West,Laptop,4,979.09,3916.36
7d06c2c9-5f5b-4f92-a719-be692de3ff5b,2025-02-05,Michael Richard,South,Tablet,1,672.62,672.62
9ff9044f-b685-477e-be30-508d4c8201f4,2024-07-13,Kayla Johnson,North,Monitor,1,1520.46,1520.46
76309287-2902-4694-ac54-10929d5dc940,2024-11-30,Jennifer Williams,West,Printer,2,1055.17,2110.34
74717415-3543-4329-9c25-b8e37ca8ecdc,2024-11-26,Aaron James,North,Smartphone,1,541.2,541.2
ae02ff37-4650-4215-8694-18a1787bb123,2024-07-11,Connor Dunn,North,Printer,3,1809.19,5427.57
f3be5b81-d571-4da2-9928-c92f26630746,2024-06-25,Jessica Smith,West,Smartphone,3,829.39,2488.17
2ec91476-a0b4-4801-9a5f-637393a8bd1f,2024-08-11,Nicholas Hernandez PhD,South,Smartphone,4,1132.75,4531.0
ebb1fa5a-1e44-4196-a378-4c043bb0a5c6,2024-06-08,Susan Lynn,West,Laptop,1,1822.3,1822.3
07a2f5fd-8643-4233-9a91-3b2ec390fc91,2024-08-15,Anthony Wilkerson,South,Monitor,4,1286.05,5144.2
